{"Rua Engenheiro Afonso Cavalcanti, 100 - Bela Vista, Porto Alegre - RS, Brazil": [-30.034832740892647, -51.190740930740574], "Avenida Ceci, 1900 - Residencial Tambore, Barueri - State of S\u00e3o Paulo, Brazil": [-23.498109103703158, -46.81977215383011], "Rua Santa Teresa, 64 - Centro Hist\u00f3rico de S\u00e3o Paulo, S\u00e3o Paulo - State of S\u00e3o Paulo, Brazil": [-23.645368046653324, -46.838112933380074], "Alameda Araguaia, 3641 - Tambor\u00e9, Barueri - State of S\u00e3o Paulo, Brazil": [-23.50264315, -46.82710274269107], "Rua Dr. Eduardo Martinelli, 100 - Vila Mariana, S\u00e3o Paulo - State of S\u00e3o Paulo, Brazil": [-23.5800165875591, -46.64077003181534], "Rua Doutor Miguel Couto, 58 - Centro, S\u00e3o Paulo - State of S\u00e3o Paulo, Brazil": [-23.52951474806991, -46.346862145560586], "Estrada Adhemar Bebiano, 1380 - Del Castilho, Rio de Janeiro - State of Rio de Janeiro, Brazil": [-22.873750312819148, -43.267123868945994], "Estrada dos Bandeirantes, 10916 - Jacarepagu\u00e1, Rio de Janeiro - State of Rio de Janeiro, Brazil": [-22.96110540909326, -43.393836926466506], "Rua Presb\u00edtero Pl\u00ednio Alves De Souza, Ermida, Jundia\u00ed - S\u00e3o Paulo, Brasil - Jardim Ermida I, Jundia\u00ed - State of S\u00e3o Paulo, Brazil": [-23.187929097525963, -46.97305326187163], "Rua Volunt\u00e1rios da P\u00e1tria, 360 - Botafogo, Rio de Janeiro - State of Rio de Janeiro, Brazil": [-22.95474435, -43.19458962590461], "Rua Papa Jo\u00e3o Paulo II, 4 - Jardim Santa Izabel, Hortol\u00e2ndia - State of S\u00e3o Paulo, Brazil": [-22.89540854282722, -47.177466167779286], "Alameda Araguaia, 3641 - Tambor\u00e9, Barueri - SP, 06455-000, Brazil": [-23.50264315, -46.82710274269107], "Avenida Coronel Phidias T\u00e1vora, 513 - Pavuna, Rio de Janeiro - RJ, 21535-510, Brazil": [-22.808158525311917, -43.34022894054106], "S\u00e3o Paulo, State of S\u00e3o Paulo, Brazil": [-23.5506507, -46.6333824], "Av. Ceci, 1850 - Tambor\u00e9, Barueri - SP, 06460-120, Brazil": [-23.496901490629213, -46.8286808214364], "Rua Tut\u00f3ia, 1157 - Vila Mariana, S\u00e3o Paulo - State of S\u00e3o Paulo, Brazil": [-23.57830968090799, -46.65106056814752], "Alameda Araguaia, 3641 - Alphaville, Barueri - State of S\u00e3o Paulo, 06455-000, Brazil": [-23.500098774970663, -46.84390232269072], "Avenida Paulista, 71 - Bela Vista, S\u00e3o Paulo - State of S\u00e3o Paulo, Brazil": [-23.56749775, -46.649099899999996], "Vinhedo, State of S\u00e3o Paulo, Brazil": [-23.0298535, -46.9749847], "Av. Ceci, 1850 - Tambor\u00e9, Barueri - State of S\u00e3o Paulo, Brazil": [-23.49791495631882, -46.82162116063731], "Av. S\u00e3o Paulo, 1223 - Estados, Jo\u00e3o Pessoa - PB, 58030-040, Brazil": [-7.117642119504635, -34.86126482336578], "Av. Roberto Pinto Sobrinho, 350 - Vila Menck, Osasco - SP, 02675-031, Brazil": [-23.493522900000002, -46.778517699999995], "Estr. dos Bandeirantes, 10916 - Jacarepagu\u00e1, Rio de Janeiro - RJ, 22783-111, Brasil": [-22.96110540909326, -43.393836926466506], "R. Papa Jo\u00e3o Paulo II, 4 - Jardim Santa Izabel, Hortol\u00e2ndia - SP, 13185-252, Brazil": [-22.89540854282722, -47.177466167779286], "Rua Senador Accioly Filho, 2200 - Cidade Industrial de Curitiba, Curitiba - PR, 81350-200, Brazil": [-25.4962621, -49.3288227], "Av. Roberto Pinto Sobrinho, 350 - Vila Menck, Osasco - State of S\u00e3o Paulo, Brazil": [-23.49349295, -46.778577150000004], "Av. Ceci, 1600 - Jardim Mutinga, Barueri - SP, 06460-120, Brazil": [-23.49791495631882, -46.82162116063731], "Alameda Araguacema, 187 - Tambor\u00e9, Barueri - SP, 06460-070, Brazil": [-23.501569240940213, -46.824631020771086], "Rua Presb\u00edtero Plinio Alves de Souza - Jardim Ermida I, Jundia\u00ed - State of S\u00e3o Paulo, Brazil": [-23.187929097525963, -46.97305326187163], "R. Sebasti\u00e3o Cardoso - Parque Brasil 500, Paul\u00ednia - State of S\u00e3o Paulo, Brazil": [-22.793559569134995, -47.137736704850674], "Av. Pernambuco, 1124 - Navegantes, Porto Alegre - RS, 90240-001, Brazil": [-30.005446930502778, -51.19943155094119], "Av. Ceci, 1700 - Tambor\u00e9, Barueri - SP, 06460-120, Brazil": [-23.496901490629213, -46.8286808214364], "Tv. Teixeira de Freitas, 73 - S\u00e3o Francisco, Curitiba - State of Paran\u00e1, Brazil": [-25.42515022094422, -49.28078741843975], "Av. Ceci, 1750 - Tambor\u00e9, Barueri - SP, 06460-120, Brazil": [-23.496901490629213, -46.8286808214364], "Avenida Coronel Phidias T\u00e1vora, 513 - Pavuna, Rio de Janeiro - State of Rio de Janeiro, Brazil": [-22.808158525311917, -43.34022894054106], "Av. Maria Coelho Aguiar, 215 - Jardim S\u00e3o Lu\u00eds, S\u00e3o Paulo - SP, 05805-000, Brasil": [-23.655383383916906, -46.73580844039931], "Estrada Adhemar Bebiano - Del Castilho, Rio de Janeiro - RJ, 21051-070, Brazil": [-22.873750312819148, -43.267123868945994], "Canopus Corporate Alphaville - Avenida Tambore - Tambor\u00e9, Barueri - State of S\u00e3o Paulo, Brazil": [-23.5033886, -46.844395492820524], "Avenida Roberto Pinto Sobrinho, 350 - Vila Menck, Osasco - SP, 06268-120, Brazil": [-23.49349295, -46.778577150000004], "Avenida Coronel Phidias T\u00e1vora, 513 - Pavuna, Rio de Janeiro - State of Rio de Janeiro, 21535-510, Brazil": [-22.808158525311917, -43.34022894054106], "Avenida Trajano de Medeiros, 1851 - Vicente Pinzon, Fortaleza - Cear\u00e1, Brazil": [-3.735326, -38.4618152], "Avenida Ceci, 1900 - Residencial Tambore, Barueri - State of S\u00e3o Paulo, 06460-120, Brazil": [-23.498109103703158, -46.81977215383011], "Estrada Adhemar Bebiano, 1380 - Del Castilho, Rio de Janeiro - State of Rio de Janeiro, 21051-070, Brazil": [-22.873750312819148, -43.267123868945994], "Rua Presb\u00edtero Plinio Alves de Souza, 757 - Jardim Ermida I, Jundia\u00ed - SP, 13212-181, Brazil": [-23.187929097525963, -46.97305326187163], "Rua General C\u00e2mara, 156 - Centro Hist\u00f3rico, Porto Alegre - RS, 90010-230, Brazil": [-30.03020525, -51.2299755], "Rua Quatorze, 1161, Fortaleza - CE, 61921-430, Brazil": [-3.8071614120543984, -38.54458840645687], "Rua Jos\u00e9 Augusto Tourinho Dantas, 344 - Praia do Flamengo, Salvador - State of Bahia, 41603-110, Brazil": [-12.918625745676103, -38.31737818403499], "R. Prof. Rubens Elke Braga, 107 - Parolin, Curitiba - State of Paran\u00e1, 80220-320, Brazil": [-25.462091059815275, -49.26763344841582], "Avenida Roberto Pinto Sobrinho, 350 - Vila Menck, Osasco - State of S\u00e3o Paulo, 06268-120, Brazil": [-23.49349295, -46.778577150000004], "Av. Ceci, 1650 - Tambor\u00e9, Barueri - S\u00e3o Paulo, 06460-120, Brazil": [-23.496901490629213, -46.8286808214364], "Av. Ceci - Tambor\u00e9, Barueri - State of S\u00e3o Paulo, 06460-120, Brazil": [-23.49791495631882, -46.82162116063731], "Rua Jos\u00e9 Alexandre Buaiz - Enseada do Su\u00e1, Vit\u00f3ria - State of Esp\u00edrito Santo, Brazil": [-20.31141859025813, -40.29036446731785], "Avenida Roberto Pinto Sobrinho, 350 - Vila Osasco, S\u00e3o Paulo - State of S\u00e3o Paulo, Brazil": [-23.49349295, -46.778577150000004], "Av. S\u00e3o Paulo, 1223 - Estados, Jo\u00e3o Pessoa - PB, 58088-230, Brazil": [-7.1175975000000005, -34.85292905], "S\u00e3o Paulo, Brazil": [-23.5506507, -46.6333824], "Rua Papa Jo\u00e3o Paulo II, 4 - Jardim Santa Izabel, Hortol\u00e2ndia - SP, 13185-252, Brazil": [-22.89540854282722, -47.177466167779286], "SIG Q. 2 - Setor de Industrias Graficas - Bras\u00edlia, Brasilia - Federal District, Brazil": [-15.83276165, -48.08383475], "Rua Guido de Camargo Penteado Sobrinho, 3685 - Bar\u00e3o Geraldo, Campinas - State of S\u00e3o Paulo, Brazil": [-22.822626255235225, -47.0974663052019], "Rua Papa Jo\u00e3o Paulo II, 5 - Jardim Santa Izabel, Hortol\u00e2ndia - SP, 13185-324, Brazil": [-22.89540854282722, -47.177466167779286], "Rua Sebasti\u00e3o Cardoso - Parque Brasil 500, Paul\u00ednia - SP, 13141-005, Brazil": [-22.793559569134995, -47.137736704850674], "SP-330, S\u00e3o Sim\u00e3o - State of S\u00e3o Paulo, Brazil": [-21.40250680135909, -47.673889875899505],